,City ID,City Name,Country,Latitude,Longitude,Temp,Humidity,Clouds,Winds
0,3832899,guerrero negro,MX,27.98,-114.06,59.41,56,99,2.66
1,3832899,bose,IT,45.46,8.01,37.42,96,68,2.3
2,3832899,hithadhoo,MV,-0.6,73.08,82.04,76,71,11.03
3,3832899,puerto ayora,EC,-0.74,-90.35,71.01,95,63,5.23
4,3832899,ushuaia,AR,-54.8,-68.3,42.8,75,40,25.28
5,3832899,sitio novo do tocantins,BR,-5.52,-47.46,75.2,94,40,3.02
6,3832899,east london,ZA,-33.02,27.91,73.4,88,40,1.12
7,3832899,haines junction,CA,60.75,-137.51,8.31,90,78,0.76
8,3832899,bluff,NZ,-46.6,168.33,57.99,87,100,7.0
9,3832899,mujiayingzi,CN,42.12,118.78,19.29,90,0,6.31
10,3832899,chuy,UY,-33.7,-53.46,55.74,87,0,8.59
11,3832899,maniitsoq,GL,65.42,-52.9,22.05,96,100,21.59
12,3832899,rikitea,PF,-23.12,-134.97,76.84,77,3,21.65
13,3832899,barrow,US,71.29,-156.79,-20.2,68,1,9.17
14,3832899,muros,ES,42.78,-9.06,60.08,94,100,1.99
15,3832899,port alfred,ZA,-33.59,26.89,71.01,98,99,8.48
16,3832899,atuona,PF,-9.8,-139.03,78.58,79,2,16.2
17,3832899,inuvik,CA,68.35,-133.72,-30.08,73,97,3.36
18,3832899,ola,RU,59.58,151.28,-8.54,85,64,11.34
19,3832899,powell river,CA,49.85,-124.54,40.39,93,90,4.7
20,3832899,pevek,RU,69.7,170.31,-8.97,87,21,3.56
21,3832899,westport,US,41.14,-73.36,32.86,100,90,2.17
22,3832899,mataura,NZ,-46.19,168.86,57.99,87,100,7.0
23,3832899,alice springs,AU,-23.7,133.88,73.4,78,90,12.75
24,3832899,narsaq,GL,60.92,-46.05,26.6,68,98,6.93
25,3832899,jamestown,US,42.1,-79.24,33.53,98,90,8.05
26,3832899,vestmannaeyjar,IS,63.44,-20.27,37.24,77,71,12.28
27,3832899,taunggyi,MM,20.78,97.03,69.76,52,5,6.04
28,3832899,khatanga,RU,71.97,102.5,-37.68,82,79,6.55
29,3832899,cherskiy,RU,68.75,161.3,-28.48,85,1,4.05
30,3832899,kungurtug,RU,50.6,97.52,10.2,84,95,0.65
31,3832899,vila franca do campo,PT,37.72,-25.43,62.6,93,75,26.4
32,3832899,gobabis,NA,-22.45,18.97,68.0,88,79,4.7
33,3832899,morgan city,US,29.7,-91.21,46.18,100,90,2.66
34,3832899,vicente guerrero,MX,19.12,-98.17,52.68,80,62,5.91
35,3832899,saldanha,ZA,-33.01,17.94,60.8,82,74,8.05
36,3832899,mar del plata,AR,-38.0,-57.56,50.52,71,75,5.82
37,3832899,gornozavodsk,RU,58.38,58.32,6.6,94,100,8.14
38,3832899,vila praia de ancora,PT,41.81,-8.85,56.48,100,90,9.17
39,3832899,busselton,AU,-33.65,115.33,81.63,34,0,5.01
40,3832899,haridwar,IN,29.97,78.17,66.61,26,92,3.85
41,3832899,atyashevo,RU,54.56,46.07,3.69,94,1,7.99
42,3832899,novyy urengoy,RU,66.08,76.63,-32.82,83,39,11.43
43,3832899,laguna,US,38.42,-121.42,42.03,87,1,1.63
44,3832899,quatre cocos,MU,-20.21,57.76,82.71,69,75,12.75
45,3832899,tasiilaq,GL,65.61,-37.64,21.2,57,100,2.24
46,3832899,olafsvik,IS,64.89,-23.71,33.73,89,100,41.34
47,3832899,berlevag,NO,70.86,29.09,39.2,76,75,22.73
48,3832899,ossora,RU,59.24,163.07,8.53,94,100,8.9
49,3832899,garmsar,IR,35.22,52.34,45.95,57,1,3.47
50,3832899,cartagena,CO,10.4,-75.51,78.8,94,40,4.7
51,3832899,poshekhonye,RU,58.5,39.14,32.95,96,100,7.07
52,3832899,sorland,NO,67.67,12.69,44.6,87,75,20.8
53,3832899,hermanus,ZA,-34.42,19.23,70.0,84,25,3.0
54,3832899,santa cruz,BO,-17.8,-63.17,73.4,94,90,4.7
55,3832899,dongsheng,CN,39.82,109.98,20.91,85,17,8.43
56,3832899,kaduna,NG,10.52,7.44,64.29,29,11,7.27
57,3832899,dikson,RU,73.51,80.55,-28.73,82,1,6.13
58,3832899,chokurdakh,RU,70.63,147.92,-19.23,89,89,9.95
59,3832899,paso de carrasco,UY,-34.86,-56.05,60.33,63,40,8.05
60,3832899,deputatskiy,RU,69.3,139.9,-32.26,86,100,2.57
61,3832899,naze,JP,28.37,129.48,61.68,63,75,10.29
62,3832899,yellowknife,CA,62.46,-114.35,-14.8,75,90,4.7
63,3832899,ancud,CL,-41.87,-73.82,44.91,93,90,3.36
64,3832899,hasaki,JP,35.73,140.83,50.38,27,20,11.41
65,3832899,atbasar,KZ,51.8,68.33,-3.62,86,41,15.41
66,3832899,sola,VU,-13.88,167.55,81.18,81,7,12.95
67,3832899,karratha,AU,-20.74,116.85,92.62,53,80,15.61
68,3832899,ponta do sol,PT,32.67,-17.1,57.02,77,20,4.7
69,3832899,vaini,TO,-21.2,-175.2,80.6,83,75,11.41
70,3832899,tshikapa,CD,-6.42,20.8,68.41,93,98,2.17
71,3832899,sao joao da barra,BR,-21.64,-41.05,75.06,92,92,13.4
72,3832899,kaputa,ZM,-8.47,29.66,70.83,81,67,1.14
73,3832899,castro,BR,-24.79,-50.01,64.42,93,88,2.73
74,3832899,talcahuano,CL,-36.72,-73.12,53.6,87,0,8.05
75,3832899,waipawa,NZ,-41.41,175.52,60.94,93,100,4.7
76,3832899,oistins,BB,13.07,-59.53,78.8,78,40,13.87
77,3832899,arraial do cabo,BR,-22.97,-42.03,75.33,91,80,18.43
78,3832899,south yuba city,US,39.12,-121.64,42.33,87,1,2.37
79,3832899,lompoc,US,34.64,-120.46,46.92,56,1,6.93
80,3832899,rio grande,BR,-32.03,-52.1,59.0,80,0,10.25
81,3832899,pancas,BR,-19.23,-40.85,72.0,95,98,2.53
82,3832899,hobart,AU,-42.88,147.33,65.48,48,75,13.87
83,3832899,eureka,US,40.8,-124.16,51.71,93,100,3.15
84,3832899,avarua,CK,-21.21,-159.78,77.0,73,52,3.36
85,3832899,ribeira grande,PT,38.52,-28.7,63.12,79,85,24.38
86,3832899,mashhad,IR,36.3,59.61,37.4,86,75,0.81
87,3832899,san cristobal,VE,7.77,-72.22,62.92,84,94,1.63
88,3832899,bengkulu,ID,-3.8,102.27,85.32,60,66,6.82
89,3832899,mahebourg,MU,-20.41,57.7,82.4,69,75,12.75
90,3832899,thompson,CA,55.74,-97.86,-14.8,75,75,0.94
91,3832899,porto novo,BJ,6.5,2.6,78.8,94,40,2.24
92,3832899,saint-augustin,CA,51.23,-58.65,28.78,96,96,9.98
93,3832899,upernavik,GL,72.79,-56.15,9.43,83,53,6.58
94,3832899,port elizabeth,ZA,-33.92,25.57,71.6,94,90,9.17
95,3832899,cape town,ZA,-33.93,18.42,71.62,68,0,19.46
96,3832899,yurginskoye,RU,56.82,67.39,11.64,94,100,12.48
97,3832899,hvide sande,DK,56.0,8.13,43.0,77,92,16.28
98,3832899,taoudenni,ML,22.68,-3.98,56.16,48,0,12.41
99,3832899,qaqortoq,GL,60.72,-46.03,26.6,68,88,6.93
100,3832899,ikon-khalk,RU,44.31,41.91,31.62,95,100,6.98
101,3832899,tinaquillo,VE,9.92,-68.3,68.18,91,21,3.8
102,3832899,tilzapotla,MX,18.48,-99.27,66.0,63,79,1.41
103,3832899,cidreira,BR,-30.18,-50.21,66.09,72,79,6.89
104,3832899,kerema,PG,-7.96,145.78,84.67,71,4,7.96
105,3832899,jizan,SA,17.33,42.67,78.8,83,20,3.36
106,3832899,san quintin,MX,30.48,-115.95,60.53,40,63,5.75
107,3832899,evensk,RU,61.95,159.23,2.25,83,96,15.37
108,3832899,geraldton,AU,-28.77,114.6,93.2,28,0,23.04
109,3832899,punta arenas,CL,-53.15,-70.92,42.39,75,43,13.87
110,3832899,norman wells,CA,65.28,-126.83,-32.8,66,75,5.82
111,3832899,bonthe,SL,7.53,-12.51,77.34,84,8,2.48
112,3832899,seoul,KR,37.57,126.98,39.2,44,1,4.7
113,3832899,hilo,US,19.73,-155.09,69.55,88,90,4.7
114,3832899,jacqueville,CI,5.21,-4.41,80.06,83,63,7.05
115,3832899,bandarbeyla,SO,9.49,50.81,77.86,76,61,23.0
116,3832899,port arthur,CN,38.8,121.27,41.0,35,0,17.9
117,3832899,pisco,PE,-13.7,-76.22,66.11,82,0,11.41
118,3832899,qaanaaq,GL,77.48,-69.36,-0.58,70,85,5.37
119,3832899,sitka,US,57.05,-135.33,37.4,86,40,6.93
120,3832899,lagoa,PT,39.05,-27.98,62.87,79,99,29.59
121,3832899,onguday,RU,50.75,86.15,16.74,82,80,3.96
122,3832899,yerbogachen,RU,61.28,108.01,-21.19,86,0,4.43
123,3832899,yurgamysh,RU,55.37,64.47,11.17,94,96,16.91
124,3832899,sao filipe,CV,14.9,-24.5,72.19,72,62,11.92
125,3832899,kapaa,US,22.08,-159.32,74.28,83,40,17.22
126,3832899,lagos,NG,6.58,3.75,76.32,92,10,1.83
127,3832899,albany,US,42.6,-73.97,32.14,74,66,3.65
128,3832899,torbay,CA,47.67,-52.73,21.2,92,20,6.93
129,3832899,labuhan,ID,-6.88,112.21,87.42,61,98,8.1
130,3832899,yishui,CN,35.78,118.63,41.61,55,0,6.04
131,3832899,longyearbyen,SJ,78.22,15.64,10.4,66,75,20.8
132,3832899,nkhata bay,MW,-11.61,34.29,81.05,62,90,4.03
133,3832899,esso,RU,55.93,158.7,-1.16,84,7,5.57
134,3832899,gharo,PK,24.74,67.59,71.6,19,40,7.02
135,3832899,faanui,PF,-16.48,-151.75,81.36,66,99,1.21
136,3832899,port hardy,CA,50.7,-127.42,40.59,100,75,5.82
137,3832899,yerofey pavlovich,RU,53.97,121.97,4.82,91,100,2.66
138,3832899,nuevo progreso,MX,23.17,-97.95,64.87,67,1,2.35
139,3832899,isangel,VU,-19.55,169.27,79.11,77,3,11.79
140,3832899,butaritari,KI,3.07,172.79,81.64,79,56,13.49
141,3832899,gat,IL,31.61,34.76,54.01,81,0,1.12
142,3832899,felanitx,ES,39.47,3.15,44.53,93,20,2.24
143,3832899,sawtell,AU,-30.38,153.1,73.22,94,90,5.82
144,3832899,hofn,IS,64.25,-15.21,35.08,82,85,14.5
145,3832899,tarko-sale,RU,64.92,77.78,-29.97,83,88,15.32
146,3832899,new norfolk,AU,-42.78,147.06,65.41,50,100,9.13
147,3832899,peniche,PT,39.36,-9.38,56.71,91,94,8.01
148,3832899,luangwa,ZM,-15.62,30.42,77.61,83,100,4.38
149,3832899,imeni poliny osipenko,RU,52.42,136.49,-4.95,90,52,2.39
150,3832899,grand gaube,MU,-20.01,57.66,82.99,71,5,10.0
151,3832899,grindavik,IS,63.84,-22.43,35.6,80,75,24.16
152,3832899,coquimbo,CL,-29.95,-71.34,55.4,87,0,3.36
153,3832899,tuktoyaktuk,CA,69.45,-133.04,-36.4,65,40,4.7
154,3832899,bethel,US,41.37,-73.41,32.02,98,90,1.63
155,3832899,bemidji,US,47.47,-94.88,29.12,100,90,5.82
156,3832899,shenjiamen,CN,29.96,122.3,48.16,59,32,9.42
157,3832899,vao,NC,-22.67,167.48,76.66,78,9,12.62
158,3832899,daye,CN,30.08,114.95,49.77,46,0,3.06
159,3832899,saint george,US,37.1,-113.58,37.4,37,1,2.84
160,3832899,znamenskoye,RU,57.13,73.83,12.0,94,100,11.81
161,3832899,nishihara,JP,26.18,127.76,61.95,55,90,11.41
162,3832899,nantucket,US,41.28,-70.1,42.89,93,90,5.82
163,3832899,virginia beach,US,36.85,-75.98,43.99,99,99,12.15
164,3832899,arbagar,RU,51.94,116.28,16.77,89,100,5.66
165,3832899,lebu,CL,-37.62,-73.65,52.88,87,0,20.02
166,3832899,bredasdorp,ZA,-34.53,20.04,68.0,88,75,11.41
167,3832899,ust-nera,RU,64.57,143.2,-30.51,75,99,4.09
168,3832899,klaksvik,FO,62.23,-6.59,42.8,93,14,4.7
169,3832899,teluknaga,ID,-6.1,106.64,83.66,74,40,11.41
170,3832899,koungheul,SN,13.98,-14.8,67.5,25,69,6.98
171,3832899,usinsk,RU,65.99,57.53,-5.76,88,61,6.82
172,3832899,malakal,SS,9.53,31.66,83.71,20,36,13.35
173,3832899,te anau,NZ,-45.42,167.72,55.02,93,100,0.83
174,3832899,buy,RU,58.48,41.53,33.76,96,100,7.05
175,3832899,presidencia roque saenz pena,AR,-26.79,-60.44,66.99,68,3,3.0
176,3832899,los llanos de aridane,ES,28.66,-17.92,59.25,93,75,5.82
177,3832899,nanortalik,GL,60.14,-45.24,27.52,94,100,8.97
178,3832899,ribeira brava,PT,32.65,-17.07,56.93,77,20,4.7
179,3832899,lubango,AO,-14.92,13.49,61.75,50,73,1.83
180,3832899,kondinskoye,RU,59.65,67.41,4.26,94,63,9.84
181,3832899,provideniya,RU,64.38,-173.3,-6.32,88,33,13.11
182,3832899,lata,PT,40.16,-8.33,54.45,94,100,4.56
183,3832899,egvekinot,RU,66.32,-179.17,-16.51,84,9,15.48
184,3832899,teknaf,BD,20.86,92.31,75.52,47,26,4.25
185,3832899,santa isabel do rio negro,BR,-0.41,-65.02,73.83,96,95,1.07
186,3832899,maningrida,AU,-12.07,134.27,88.3,67,37,14.79
187,3832899,inhambane,MZ,-23.86,35.38,82.2,74,20,2.24
188,3832899,flinders,AU,-34.58,150.86,72.3,83,100,3.0
189,3832899,luderitz,NA,-26.65,15.16,60.8,93,85,4.36
190,3832899,klyuchevsk,RU,57.12,60.94,10.4,78,90,17.9
191,3832899,lyaskelya,RU,61.77,31.02,37.51,95,100,9.95
192,3832899,valparaiso,CL,-33.04,-71.63,53.6,87,0,3.36
193,3832899,phulabani,IN,20.47,84.23,75.24,21,3,5.5
194,3832899,maputo,MZ,-25.97,32.59,80.56,74,75,13.87
195,3832899,lac du bonnet,CA,50.25,-96.06,16.48,78,100,17.22
196,3832899,kruisfontein,ZA,-34.0,24.73,71.01,94,94,3.0
197,3832899,atherton,GB,53.52,-2.49,41.52,89,80,1.01
198,3832899,la rioja,ES,42.25,-2.5,42.8,93,90,6.49
199,3832899,suez,EG,29.97,32.53,58.89,74,0,6.44
200,3832899,xingyi,CN,24.19,102.82,55.24,54,69,4.29
201,3832899,horn,DE,51.87,8.95,39.94,96,19,7.38
202,3832899,okato,NZ,-39.2,173.88,64.98,69,100,1.99
203,3832899,launceston,AU,-41.45,147.17,66.18,52,90,8.05
204,3832899,talnakh,RU,69.49,88.4,-32.8,66,32,8.95
205,3832899,kalmunai,LK,7.42,81.82,80.53,82,92,14.27
206,3832899,carnarvon,AU,-24.87,113.63,102.2,29,0,12.75
207,3832899,baykit,RU,61.67,96.37,-7.04,86,100,2.98
208,3832899,mehamn,NO,71.04,27.85,41.0,75,75,16.11
209,3832899,nyazepetrovsk,RU,56.05,59.6,4.35,91,91,14.34
210,3832899,chateauroux,FR,46.82,1.7,48.2,87,100,8.05
211,3832899,vanimo,PG,-2.67,141.3,78.8,86,100,15.84
212,3832899,krasnovishersk,RU,60.41,57.08,9.14,95,98,5.28
213,3832899,rawson,AR,-43.3,-65.1,66.06,38,19,15.1
214,3832899,zhanaozen,KZ,43.3,52.8,27.25,96,98,14.92
215,3832899,caravelas,BR,-17.71,-39.25,76.51,85,23,8.46
216,3832899,esperance,AU,-33.87,121.9,68.0,52,73,16.11
217,3832899,camacari,BR,-12.7,-38.32,80.6,78,40,11.41
218,3832899,saskylakh,RU,71.92,114.08,-29.74,84,100,6.85
219,3832899,bombay,IN,19.01,72.85,81.52,32,0,10.29
220,3832899,pishin,PK,30.58,67.0,47.07,51,0,2.8
221,3832899,togur,RU,58.36,82.83,4.32,94,100,10.2
222,3832899,shu,KZ,43.6,73.76,17.2,96,89,4.83
223,3832899,kavieng,PG,-2.57,150.8,85.51,66,52,3.36
224,3832899,chiredzi,ZW,-21.05,31.67,77.83,73,38,9.15
225,3832899,spiridonovka,RU,53.09,50.65,-2.2,84,0,4.47
226,3832899,alexandria,EG,31.22,29.96,53.6,87,0,4.7
227,3832899,putina,PE,-15.47,-69.43,44.85,82,100,11.12
228,3832899,natal,BR,-5.79,-35.21,75.2,88,75,3.36
229,3832899,codrington,AU,-38.27,141.97,54.77,93,100,17.92
230,3832899,fremont,US,37.55,-121.99,47.68,81,5,4.7
231,3832899,college,US,64.86,-147.8,-2.22,70,75,5.82
232,3832899,miri,MY,4.41,114.01,84.11,83,40,12.75
233,3832899,cabo san lucas,MX,22.89,-109.91,62.69,73,85,1.01
234,3832899,kihei,US,20.79,-156.47,70.81,73,40,13.87
235,3832899,kargopol,RU,61.51,38.95,34.99,96,100,7.74
236,3832899,ust-uda,RU,54.17,103.03,22.15,92,57,6.73
237,3832899,knysna,ZA,-34.04,23.05,68.0,100,90,5.82
238,3832899,lichinga,MZ,-13.31,35.24,69.4,83,75,10.29
239,3832899,nome,US,64.5,-165.41,-14.67,69,90,5.17
240,3832899,rocha,UY,-34.48,-54.33,54.54,87,20,8.21
241,3832899,viransehir,TR,37.24,39.76,47.41,63,99,5.79
242,3832899,taksimo,RU,56.34,114.88,0.73,89,99,0.81
243,3832899,souillac,MU,-20.52,57.52,82.4,69,75,12.75
244,3832899,phuket,TH,8.0,98.25,85.05,58,20,11.41
245,3832899,mount gambier,AU,-37.83,140.77,57.2,93,90,6.93
246,3832899,novita,CO,4.96,-76.61,72.91,90,97,2.24
247,3832899,aklavik,CA,68.22,-135.01,-30.05,73,100,3.36
248,3832899,nieuw nickerie,SR,5.95,-56.98,77.56,87,92,7.65
249,3832899,lasa,IT,46.62,10.7,34.77,78,5,3.36
250,3832899,urubicha,BO,-15.38,-62.95,72.23,93,55,2.1
251,3832899,kohima,IN,25.67,94.12,69.8,56,0,0.45
252,3832899,hukuntsi,BW,-24.0,21.75,71.83,69,100,18.19
253,3832899,harper,LR,4.38,-7.72,77.92,86,13,7.0
254,3832899,palu,ID,-0.89,119.87,88.63,56,100,5.28
255,3832899,kodiak,US,57.79,-152.41,28.4,58,1,6.93
256,3832899,zalesovo,RU,53.99,84.74,1.31,91,100,16.26
257,3832899,lugoba,TZ,-6.45,38.33,79.54,81,34,5.44
258,3832899,boa vista,BR,2.82,-60.67,78.8,74,40,11.41
259,3832899,bacabal,BR,-4.29,-44.79,73.08,95,76,3.74
260,3832899,bukan,IR,36.52,46.21,36.7,70,0,2.77
261,3832899,eunice,US,30.49,-92.42,41.0,100,90,2.55
262,3832899,bandundu,CD,-3.32,17.37,70.75,90,100,3.24
263,3832899,la orilla,MX,17.98,-102.23,72.9,82,3,5.7
264,3832899,hamilton,US,39.18,-84.53,35.58,84,75,6.93
265,3832899,bambous virieux,MU,-20.34,57.76,82.69,69,75,12.75
266,3832899,oussouye,SN,12.48,-16.55,69.22,26,85,8.55
267,3832899,buchanan,LR,5.88,-10.05,75.2,94,75,2.62
268,3832899,bacolod,PH,10.67,122.95,86.79,68,37,9.31
269,3832899,la ligua,CL,-32.45,-71.23,50.74,78,0,0.94
270,3832899,baruun-urt,MN,46.68,113.28,7.66,89,0,20.83
271,3832899,zeya,RU,53.75,127.27,-6.43,87,96,2.46
272,3832899,burgeo,CA,47.62,-57.62,33.85,89,100,12.28
273,3832899,burnie,AU,-41.07,145.92,60.01,76,100,8.01
274,3832899,waingapu,ID,-9.66,120.26,87.98,64,100,14.05
275,3832899,tateyama,JP,34.98,139.87,51.57,50,40,5.82
276,3832899,aguimes,ES,27.91,-15.45,64.13,82,75,12.75
277,3832899,tamasopo,MX,21.93,-99.48,49.8,99,20,0.72
278,3832899,latung,PH,5.5,120.88,82.98,77,83,14.5
279,3832899,bilma,NE,18.69,12.92,60.31,31,0,3.36
280,3832899,kenai,US,60.55,-151.26,21.4,92,90,4.7
281,3832899,tessalit,ML,20.2,1.01,51.8,44,1,10.67
282,3832899,arman,RU,59.7,150.17,-10.16,84,84,13.27
283,3832899,itaueira,BR,-7.6,-43.03,71.74,90,67,2.57
284,3832899,moose factory,CA,51.26,-80.61,15.8,78,90,14.99
285,3832899,gaoyou,CN,32.79,119.43,44.67,53,0,4.27
286,3832899,sao raimundo nonato,BR,-9.02,-42.7,72.36,86,77,1.72
287,3832899,victor harbor,AU,-35.57,138.62,64.31,70,80,5.01
288,3832899,opuwo,NA,-18.06,13.84,67.14,38,90,2.04
289,3832899,ulaanbaatar,MN,47.91,106.88,3.2,59,48,2.24
290,3832899,wum,CM,6.38,10.07,64.2,40,16,2.89
291,3832899,sulangan,PH,11.14,123.72,83.68,74,32,7.2
292,3832899,batagay-alyta,RU,67.8,130.41,-38.2,80,98,0.47
293,3832899,nelson bay,AU,-32.72,152.15,69.21,94,90,8.05
294,3832899,university park,US,25.75,-80.37,70.79,88,20,6.93
295,3832899,tyazhinskiy,RU,56.12,88.52,7.21,91,96,14.54
296,3832899,manbij,SY,36.53,37.95,42.8,78,75,8.72
297,3832899,russell,US,32.35,-85.2,45.68,93,90,4.99
298,3832899,kasempa,ZM,-13.46,25.83,67.28,89,89,3.69
299,3832899,saint-francois,FR,46.42,3.91,35.6,100,100,3.36
300,3832899,bireun,ID,5.2,96.7,82.47,76,88,10.4
301,3832899,ust-koksa,RU,50.27,85.61,14.4,84,89,6.08
302,3832899,saint-pierre,RE,-21.34,55.48,81.25,74,0,18.34
303,3832899,comodoro rivadavia,AR,-45.87,-67.5,62.6,45,0,18.34
304,3832899,leningradskiy,RU,69.38,178.42,-6.03,89,100,3.98
305,3832899,zalantun,CN,48.0,122.72,24.1,77,89,6.73
306,3832899,husavik,IS,66.04,-17.34,33.8,80,90,13.87
307,3832899,prince albert,CA,53.2,-105.77,15.8,85,90,2.24
308,3832899,kahului,US,20.89,-156.47,71.06,73,40,13.87
309,3832899,sorong,ID,-0.88,131.25,84.99,69,100,6.51
310,3832899,solano,US,38.23,-121.95,41.88,80,1,3.36
311,3832899,pilot butte,CA,50.47,-104.42,31.75,96,90,24.16
312,3832899,san pedro,PH,14.35,121.02,84.67,74,75,4.7
313,3832899,poltavka,RU,54.37,71.76,5.32,88,100,20.94
314,3832899,qingdao,CN,36.1,120.37,41.0,35,0,4.47
315,3832899,alice town,BS,25.72,-79.3,75.43,82,0,18.84
316,3832899,vila velha,BR,-20.33,-40.29,77.0,88,0,8.05
317,3832899,niimi,JP,34.98,133.47,45.84,45,40,10.29
318,3832899,georgetown,MY,5.41,100.34,87.4,62,20,9.17
319,3832899,leh,IN,34.17,77.58,19.74,72,67,2.75
320,3832899,louga,RU,58.74,29.85,31.95,98,100,8.16
321,3832899,ponta delgada,PT,37.73,-25.67,62.6,93,75,26.4
322,3832899,beringovskiy,RU,63.05,179.32,-3.8,92,89,15.01
323,3832899,inongo,CD,-1.95,18.27,70.93,88,100,6.51
324,3832899,vostok,RU,46.49,135.88,6.15,95,100,4.97
325,3832899,tongliao,CN,43.61,122.27,20.75,93,0,9.31
326,3832899,saint-philippe,RE,-21.36,55.77,80.78,74,0,18.34
327,3832899,kirakira,SB,-10.45,161.92,83.53,68,43,1.88
328,3832899,jadu,LY,31.95,12.03,49.3,100,96,5.37
329,3832899,roma,US,43.21,-75.46,29.28,92,90,5.82
330,3832899,kasongo-lunda,CD,-6.47,16.82,68.74,93,100,1.79
331,3832899,tezu,IN,27.92,96.17,77.04,20,0,3.18
332,3832899,lashio,MM,22.93,97.75,75.58,49,36,4.07
333,3832899,saint anthony,US,45.02,-93.22,35.42,64,90,8.05
334,3832899,progreso,MX,21.28,-89.67,75.09,94,75,7.94
335,3832899,necochea,AR,-38.55,-58.74,48.47,74,1,6.42
336,3832899,mountain home,US,43.13,-115.69,39.2,81,90,6.93
337,3832899,saint simons,US,31.14,-81.39,55.29,100,90,6.93
338,3832899,chiang klang,TH,19.29,100.86,73.4,49,20,6.93
339,3832899,severo-kurilsk,RU,50.68,156.12,26.92,92,91,16.2
340,3832899,zirgan,RU,53.22,55.92,-5.93,86,0,6.24
341,3832899,monteagudo,BO,-19.82,-63.98,59.68,86,100,2.75
342,3832899,paamiut,GL,61.99,-49.67,25.74,94,100,9.66
343,3832899,yulara,AU,-25.24,130.99,86.0,42,40,16.11
344,3832899,ilulissat,GL,69.22,-51.1,17.6,44,100,18.34
345,3832899,maceio,BR,-9.67,-35.74,71.6,94,20,4.7
346,3832899,mutoko,ZW,-17.4,32.23,70.79,83,81,7.34
347,3832899,shakiso,ET,5.75,38.92,65.71,72,22,7.7
348,3832899,moron,AR,-34.65,-58.62,56.44,81,0,3.36
349,3832899,marsa matruh,EG,31.35,27.25,57.2,76,40,4.18
350,3832899,petatlan,MX,17.52,-101.27,73.36,84,69,2.89
351,3832899,almaznyy,RU,48.04,40.05,28.4,92,75,13.42
352,3832899,amga,RU,60.9,131.96,-30.82,83,87,1.19
353,3832899,razole,IN,16.48,81.83,83.52,39,50,4.36
354,3832899,marsh harbour,BS,26.54,-77.06,74.16,78,26,14.54
355,3832899,dunedin,NZ,-45.87,170.5,53.01,92,100,1.01
356,3832899,eyl,SO,7.98,49.82,80.83,64,91,21.12
357,3832899,gallup,US,35.53,-108.74,22.6,62,1,2.1
358,3832899,podor,MR,16.65,-14.96,63.72,29,10,12.5
359,3832899,thinadhoo,MV,0.53,72.93,82.45,73,61,5.03
360,3832899,petropavlovsk-kamchatskiy,RU,53.05,158.65,15.8,56,79,4.47
361,3832899,olean,US,42.08,-78.43,33.35,95,90,5.82
362,3832899,samarai,PG,-10.62,150.67,84.52,71,16,2.73
363,3832899,sambava,MG,-14.27,50.17,80.8,78,38,8.97
364,3832899,slave lake,CA,55.28,-114.77,28.4,68,75,5.82
365,3832899,dingle,PH,11.0,122.67,84.06,74,63,13.85
366,3832899,clyde river,CA,70.47,-68.59,1.4,84,90,17.22
367,3832899,katsuura,JP,35.13,140.3,51.58,23,20,4.7
368,3832899,san patricio,US,28.02,-97.52,52.83,87,1,4.7
369,3832899,cabra,ES,37.47,-4.44,45.0,85,12,3.11
370,3832899,puerto escondido,MX,15.85,-97.07,75.2,78,75,4.7
371,3832899,batagay,RU,67.63,134.63,-45.74,76,53,0.72
372,3832899,gao,ML,16.64,1.64,65.41,27,0,10.69
373,3832899,porto belo,BR,-27.16,-48.55,71.58,93,100,5.77
374,3832899,havre,FR,49.58,0.33,48.2,93,100,16.11
375,3832899,monte alegre,BR,-2.01,-54.07,74.19,90,100,2.98
376,3832899,deniliquin,AU,-35.53,144.97,64.0,72,100,12.35
377,3832899,benguela,AO,-12.58,13.41,75.2,78,75,1.23
378,3832899,coahuayana,MX,18.73,-103.68,69.8,73,75,8.05
379,3832899,salihorsk,BY,52.79,27.54,30.27,98,0,6.55
380,3832899,saint-georges,GD,12.06,-61.75,77.0,94,20,9.17
381,3832899,do gonbadan,IR,30.36,50.8,44.6,87,0,0.45
382,3832899,prieska,ZA,-29.66,22.75,83.16,34,86,7.43
383,3832899,bridlington,GB,54.08,-0.19,39.06,93,77,8.05
384,3832899,kutum,SD,14.2,24.67,60.22,33,18,3.58
385,3832899,sokoni,TZ,-6.43,39.55,79.95,83,40,13.87
386,3832899,loandjili,CG,-4.76,11.86,76.32,86,100,1.1
387,3832899,fortuna,US,40.6,-124.16,51.39,100,90,3.22
388,3832899,victoria,HK,22.29,114.16,64.09,57,100,8.61
389,3832899,port macquarie,AU,-31.43,152.92,71.6,100,75,6.93
390,3832899,zenzeli,RU,45.92,47.05,26.26,94,97,14.58
391,3832899,jalu,LY,29.03,21.55,52.23,78,0,8.46
392,3832899,bereda,ES,43.27,-7.54,54.99,98,100,13.0
393,3832899,huilong,CN,31.81,121.66,45.43,54,0,0.96
394,3832899,marion,US,39.77,-86.16,36.39,83,40,9.17
395,3832899,sao jose da coroa grande,BR,-8.9,-35.15,76.12,79,14,7.92
396,3832899,wanning,CN,18.8,110.4,67.06,65,99,18.3
397,3832899,lamballe,FR,48.47,-2.51,53.73,94,100,10.0
398,3832899,oktyabrskoye,RU,43.06,44.74,28.2,92,90,6.71
399,3832899,kayes,ML,14.0,-11.0,66.04,26,100,4.07
400,3832899,iskateley,RU,67.68,53.15,8.26,90,97,13.44
401,3832899,porto santo,PT,33.07,-16.34,59.0,82,40,4.7
402,3832899,dharmanagar,IN,24.37,92.17,78.42,43,0,0.94
403,3832899,port-cartier,CA,50.03,-66.87,29.77,80,99,4.7
404,3832899,abu samrah,SY,35.3,37.18,50.5,73,0,5.08
405,3832899,atar,MR,20.52,-13.05,57.47,36,0,10.67
406,3832899,sur,OM,22.57,59.53,75.06,60,46,15.79
407,3832899,katangli,RU,51.71,143.23,2.82,86,72,8.97
408,3832899,pontassieve,IT,43.77,11.43,39.02,100,5,2.24
409,3832899,bonnyville,CA,54.27,-110.73,23.0,100,40,4.7
410,3832899,senanga,ZM,-16.12,23.27,70.92,81,93,7.78
411,3832899,tiksi,RU,71.69,128.87,-17.05,89,100,11.59
412,3832899,namibe,AO,-15.2,12.15,67.96,79,76,3.78
413,3832899,ojinaga,MX,29.57,-104.42,44.6,24,1,9.17
414,3832899,andenes,NO,69.31,16.12,42.87,81,90,14.99
415,3832899,yeppoon,AU,-23.13,150.73,93.2,41,0,14.99
416,3832899,toamasina,MG,-18.17,49.38,82.4,74,20,8.05
417,3832899,raga,SS,8.46,25.68,70.27,24,83,4.43
418,3832899,tutoia,BR,-2.76,-42.27,80.42,75,89,12.35
419,3832899,touros,BR,-5.2,-35.46,75.2,88,40,4.7
420,3832899,woodstock,CA,43.13,-80.75,31.21,96,54,2.24
421,3832899,constitucion,CL,-35.33,-72.42,56.57,67,0,8.55
422,3832899,harwich,GB,51.94,1.28,47.35,81,69,7.0
423,3832899,bathsheba,BB,13.22,-59.52,78.8,78,40,13.87
424,3832899,abha,SA,18.22,42.51,54.32,93,0,5.82
425,3832899,svetlyy,RU,54.67,20.13,36.66,87,90,13.42
426,3832899,torit,SS,4.41,32.57,86.05,36,0,3.04
427,3832899,dadri,IN,28.57,77.55,60.51,58,20,4.7
428,3832899,kampot,KH,10.62,104.18,84.2,45,0,9.17
429,3832899,hun,LY,29.13,15.95,54.36,54,0,5.3
430,3832899,prince rupert,CA,54.32,-130.32,42.12,80,90,11.41
431,3832899,santiago,CL,-33.46,-70.65,62.55,51,0,1.12
432,3832899,formosa,AR,-26.18,-58.18,68.0,82,0,5.82
433,3832899,nikolskoye,RU,59.7,30.79,31.66,94,90,11.18
434,3832899,airai,TL,-8.93,125.41,73.06,82,100,5.03
435,3832899,mangalia,RO,43.8,28.58,41.0,86,90,11.41
436,3832899,kalabo,ZM,-14.97,22.68,69.22,83,69,6.96
437,3832899,gornopravdinsk,RU,60.05,69.9,6.69,94,100,8.59
438,3832899,kaa-khem,RU,51.68,94.73,6.55,91,99,0.85
439,3832899,tucupita,VE,9.06,-62.05,71.71,98,78,1.95
440,3832899,camargo,MX,27.67,-105.17,48.54,39,100,3.44
441,3832899,tigzirt,DZ,36.89,4.12,54.63,82,4,7.94
442,3832899,sretensk,RU,52.25,117.71,15.78,91,97,0.25
443,3832899,bomet,KE,-0.78,35.34,67.44,53,5,2.8
444,3832899,cockburn town,TC,21.46,-71.14,77.95,83,5,18.54
445,3832899,rancho palos verdes,US,33.74,-118.39,59.67,54,1,3.47
446,3832899,fujin,CN,47.26,132.03,16.45,84,27,9.75
447,3832899,vilhena,BR,-12.74,-60.15,72.12,86,97,2.64
448,3832899,srednekolymsk,RU,67.45,153.68,-37.75,82,21,3.56
449,3832899,ngunguru,NZ,-35.62,174.5,71.01,70,94,5.99
450,3832899,tombouctou,ML,20.0,-3.0,54.52,45,27,12.19
451,3832899,ito,JP,34.97,139.08,45.48,50,40,5.82
452,3832899,axim,GH,4.87,-2.24,78.03,86,1,3.29
453,3832899,kupang,ID,-10.17,123.58,86.0,74,75,16.11
454,3832899,koryazhma,RU,61.31,47.17,34.59,94,100,8.93
455,3832899,rapid valley,US,44.06,-103.15,41.74,64,75,18.34
456,3832899,yatou,CN,37.15,122.38,36.7,74,0,7.18
457,3832899,derzhavinsk,KZ,51.1,66.32,-6.86,85,5,12.5
458,3832899,karpathos,GR,35.51,27.21,59.0,72,92,13.87
459,3832899,jibuti,DJ,11.5,42.5,78.8,78,75,19.53
460,3832899,sept-iles,CA,50.2,-66.38,29.84,80,97,4.7
461,3832899,edea,CM,3.8,10.13,75.38,94,44,1.41
462,3832899,trat,TH,12.5,102.5,82.22,54,20,20.8
463,3832899,rognan,NO,67.1,15.39,43.23,70,75,11.41
464,3832899,winnemucca,US,40.97,-117.74,32.0,74,1,6.93
465,3832899,hovd,MN,48.01,91.64,15.64,72,88,1.92
466,3832899,qarqin,AF,37.42,66.04,44.71,61,10,9.89
467,3832899,aden,YE,12.78,45.04,79.41,74,40,19.98
468,3832899,pangody,RU,65.85,74.49,-29.6,85,6,8.79
469,3832899,christchurch,NZ,-43.53,172.63,59.11,87,100,18.34
470,3832899,shimoda,JP,34.67,138.95,46.78,50,40,5.82
471,3832899,ilheus,BR,-14.79,-39.05,74.48,91,38,6.62
472,3832899,nara,JP,34.69,135.8,50.14,46,20,8.05
473,3832899,tchibanga,GA,-2.85,11.03,72.37,98,98,1.48
474,3832899,petauke,ZM,-14.24,31.33,71.29,87,100,3.2
475,3832899,ban tak,TH,17.04,99.08,77.0,50,40,16.11
476,3832899,da nang,VN,16.07,108.22,68.0,77,75,5.82
477,3832899,quang ngai,VN,15.12,108.8,65.41,92,100,11.45
478,3832899,castleblayney,IE,54.12,-6.73,39.0,90,100,4.07
479,3832899,dakoro,NE,14.51,6.76,64.44,28,0,10.42
480,3832899,franklin,US,39.97,-83.02,33.76,88,40,3.36
481,3832899,huanren,CN,41.26,125.37,25.39,75,0,3.85
482,3832899,doha,QA,25.29,51.53,66.72,56,0,8.05
483,3832899,shemordan,RU,56.19,50.4,3.49,95,92,14.83
484,3832899,oromocto,CA,45.84,-66.48,32.47,93,90,4.7
485,3832899,warmbad,NA,-28.45,18.73,84.99,34,81,11.7
486,3832899,lugovoy,KZ,42.95,72.76,19.99,94,66,6.13
487,3832899,springdale,US,36.19,-94.13,37.94,74,1,4.7
488,3832899,finnsnes,NO,69.23,17.98,28.4,100,75,27.51
489,3832899,white rock,CA,49.02,-122.8,42.39,95,100,0.31
490,3832899,kidal,ML,18.44,1.41,59.07,33,7,11.05
491,3832899,agirish,RU,61.92,63.02,-1.01,93,0,3.94
492,3832899,suntar,RU,62.14,117.63,-16.26,87,100,5.77
493,3832899,ucluelet,CA,48.93,-125.55,42.01,92,100,4.81
494,3832899,kumluca,TR,36.37,30.29,57.42,61,90,2.93
495,3832899,monchegorsk,RU,67.94,32.87,30.7,96,87,8.52
496,3832899,stepnyak,KZ,52.83,70.78,8.98,85,100,24.25
497,3832899,janakkala,FI,60.9,24.6,37.29,93,100,10.98
498,3832899,mont-dore,NC,-22.28,166.58,80.6,69,90,11.41
499,3832899,camacha,PT,33.08,-16.33,59.0,82,40,4.7
500,3832899,tamna,RO,44.57,23.02,37.99,92,93,4.43
501,3832899,rottenmann,AT,47.52,14.35,29.28,92,100,2.24
502,3832899,dawlatabad,AF,36.41,64.91,39.85,72,32,7.54
503,3832899,gimli,CA,50.63,-96.99,14.0,85,100,17.22
504,3832899,ballina,AU,-28.87,153.57,80.53,74,40,14.99
505,3832899,tura,IN,25.52,90.22,74.95,39,0,1.52
506,3832899,bhasawar,IN,27.03,77.03,72.68,21,20,3.11
507,3832899,corral nuevo,MX,18.11,-95.12,69.62,92,33,5.39
508,3832899,staronizhestebliyevskaya,RU,45.38,38.45,29.57,82,95,9.35
509,3832899,cuiluan,CN,47.72,128.65,11.52,89,64,6.76
510,3832899,severo-yeniseyskiy,RU,60.37,93.04,-2.99,90,100,5.91
511,3832899,rajbiraj,NP,26.53,86.75,75.11,34,0,3.87
512,3832899,domoni,KM,-12.26,44.53,83.44,71,32,2.98
513,3832899,lavrentiya,RU,65.58,-171.0,-14.13,87,16,10.2
514,3832899,dhidhdhoo,MV,6.88,73.1,82.53,72,73,12.35
515,3832899,kirkenaer,NO,60.46,12.06,40.53,99,90,3.0
516,3832899,kikerino,RU,59.47,29.63,32.0,97,90,11.18
517,3832899,soyo,AO,-6.13,12.37,76.77,85,100,5.44
518,3832899,zhigansk,RU,66.77,123.37,-35.73,82,99,3.71
519,3832899,la roda,ES,39.22,-2.15,34.07,83,0,5.55
520,3832899,asyut,EG,27.18,31.18,50.0,81,0,4.7
521,3832899,yarensk,RU,62.17,49.09,27.52,98,100,4.54
522,3832899,eisiskes,LT,54.17,25.0,30.56,92,90,13.87
523,3832899,fairbanks,US,64.84,-147.72,-2.81,70,75,5.82
524,3832899,maua,BR,-23.67,-46.46,71.58,78,0,3.36
525,3832899,andradina,BR,-20.9,-51.38,74.07,85,100,3.42
526,3832899,mercedes,AR,-34.65,-59.43,51.01,81,0,3.62
527,3832899,bindura,ZW,-17.3,31.33,72.0,80,92,7.0
528,3832899,lucapa,AO,-8.42,20.74,64.11,98,97,3.56
529,3832899,santa lucia,ES,27.91,-15.54,63.36,82,75,12.75
530,3832899,itarema,BR,-2.92,-39.92,78.8,78,20,3.36
531,3832899,ljungby,SE,56.83,13.94,41.97,100,100,9.17
532,3832899,aasiaat,GL,68.71,-52.87,12.56,88,100,9.37
533,3832899,mata,PT,40.68,-7.46,48.43,98,97,11.99
534,3832899,port keats,AU,-14.25,129.55,84.36,80,98,18.21
535,3832899,uong bi,VN,21.03,106.78,66.2,29,0,4.7
536,3832899,iwade,JP,34.25,135.32,50.09,53,20,13.87
537,3832899,la ronge,CA,55.1,-105.28,-2.2,84,100,3.36
538,3832899,kandi,BJ,11.13,2.94,67.75,25,17,4.54
539,3832899,uppsala,SE,60.0,17.75,43.25,100,100,10.29
540,3832899,shangqiu,CN,34.45,115.65,50.0,40,0,7.54
541,3832899,teshie,GH,5.58,-0.11,78.8,88,20,9.17
542,3832899,verkhnyaya inta,RU,65.98,60.31,-10.26,86,36,1.97
543,3832899,henties bay,NA,-22.12,14.28,64.0,93,100,3.0
544,3832899,havre-saint-pierre,CA,50.23,-63.6,30.2,86,90,8.05
545,3832899,nemuro,JP,43.32,145.57,24.8,53,40,8.05
546,3832899,ibra,OM,22.69,58.53,73.51,33,66,5.1
547,3832899,assiniboia,CA,49.63,-105.98,30.2,63,0,19.46
548,3832899,repnoye,RU,51.59,43.19,7.45,94,2,4.81
549,3832899,sciacca,IT,37.51,13.09,51.53,84,0,7.0
550,3832899,haldibari,IN,26.33,88.77,75.29,34,0,1.79
551,3832899,kashmor,PK,28.43,69.58,73.02,19,74,1.01
552,3832899,muyezerskiy,RU,63.93,31.65,37.65,94,100,10.85
553,3832899,hay river,CA,60.82,-115.8,-9.4,69,99,4.7
554,3832899,portland,US,45.52,-122.68,46.42,93,90,4.7
555,3832899,nyrob,RU,60.73,56.72,10.06,95,98,6.17
556,3832899,dicabisagan,PH,17.08,122.42,76.91,86,100,3.85
557,3832899,north bend,US,43.41,-124.22,57.09,100,90,9.17
558,3832899,sarila,IN,25.77,79.68,69.24,24,0,5.23
559,3832899,kaeo,NZ,-35.1,173.78,71.01,70,100,5.99
560,3832899,weinan,CN,34.5,109.51,40.17,44,0,4.47
561,3832899,partyzany,UA,46.33,34.75,27.68,96,14,8.7
562,3832899,moerai,PF,-22.43,-151.33,76.98,82,100,19.48
563,3832899,brunico,IT,46.8,11.94,31.96,87,88,1.79
564,3832899,mirabad,AF,30.44,61.84,53.33,48,0,8.43
565,3832899,half moon bay,US,37.46,-122.43,48.99,61,1,6.67
566,3832899,hambantota,LK,6.12,81.12,80.6,94,75,12.75
567,3832899,ust-kut,RU,56.79,105.77,14.52,94,100,1.54
568,3832899,newport,GB,51.59,-3.0,46.94,98,100,11.52
569,3832899,fukue,JP,32.69,128.84,46.4,52,75,11.41
570,3832899,cacu,BR,-18.56,-51.13,73.62,84,96,2.89
571,3832899,bousso,TD,10.48,16.71,67.26,25,37,4.16
572,3832899,kloulklubed,PW,7.04,134.26,82.69,79,87,18.88
573,3832899,carndonagh,IE,55.25,-7.27,40.21,85,100,7.9
574,3832899,pochutla,MX,15.74,-96.47,72.0,84,40,3.13
575,3832899,ningxiang,CN,37.34,111.21,27.97,76,0,5.55
576,3832899,bermeo,ES,43.42,-2.72,58.32,67,75,6.93
577,3832899,shirokovskiy,RU,58.84,57.78,7.0,79,100,3.0
578,3832899,roald,NO,62.58,6.13,44.37,70,20,5.82
579,3832899,viedma,AR,-40.81,-63.0,55.0,79,18,11.23
